"First Name","Last Name"
"Dominik","Harris"
"John","Myers"
"Aiden","Chapman"
"Lenny","Hall"
"Dainton","Henderson"
"Kellan","Anderson"
"Fiona","Richardson"
"Kelvin","Ferguson"
"Michael","Wells"
"Ellia","Cole"
"Alexia","Mitchell"
"Daisy","Hawkins"
"Sydney","Stewart"
"Naomi","Perkins"
"Rebecca","Mason"
"Edwin","Howard"
"James","Johnston"
"Cherry","Riley"
"Kirsten","Harrison"
"Freddie","Morris"
"Jasmine","Montgomery"
"Catherine","Russell"
"Tony","Kelley"
"Caroline","Hill"
"Connie","Perry"
"Savana","Richardson"
"Lily","Miller"
"Alan","Spencer"
"Roland","Alexander"
"Vivian","Carroll"
"Luke","Hawkins"
"Alan","Wells"
"Amy","Kelly"
"Julian","Douglas"
"Adelaide","Watson"
"Abraham","Brooks"
"Marcus","Harper"
"Lucas","Alexander"
"Maria","Martin"
"Connie","Walker"
"Michelle","Jones"
"Paige","Brown"
"Alexia","Morrison"
"Maximilian","Harper"
"Maya","Riley"
"Amanda","Perry"
"Spike","Crawford"
"Haris","Barrett"
"Maximilian","Alexander"
"Ned","Casey"
"Alissa","Alexander"
"Carina","Morrison"
"Adison","Thomas"
"Albert","Farrell"
"Roman","Cameron"
"Evelyn","Hall"
"Ashton","Perry"
"Eleanor","Andrews"
"Antony","Phillips"
"Carina","Crawford"
"Melanie","Sullivan"
"Paul","Ferguson"
"Kelsey","Gray"
"Amelia","Foster"
"Daisy","Scott"
"Sawyer","Johnson"
"Alen","Cooper"
"Rebecca","Sullivan"
"Fenton","Brooks"
"William","Elliott"
"Camila","Murray"
"Lucia","Craig"
"Ryan","Reed"
"Tara","Andrews"
"Kevin","Turner"
"Robert","Moore"
"Tyler","Scott"
"Julian","Brooks"
"Marcus","Parker"
"Arianna","Gibson"
"Alisa","Wilson"
"Jessica","Brown"
"Victor","Evans"
"Valeria","Cooper"
"Lyndon","Moore"
"Cherry","Johnson"
"Violet","Nelson"
"Rafael","Grant"
"Nicholas","Harper"
"Dexter","Chapman"
"Max","Richardson"
"Charlie","Hill"
"Tyler","Robinson"
"Sawyer","Perkins"
"Catherine","Murray"
"Spike","West"
"Tony","Brooks"
"Fenton","Thompson"
"Ellia","Spencer"
"Alan","Martin"
"Charlie","Montgomery"
"Madaline","Richards"
"Luke","Wells"
"John","Turner"
"Albert","Kelley"
"Edgar","Taylor"
"Melissa","Nelson"
"Alexander","Carter"
"George","Myers"
"April","Elliott"
"Penelope","Nelson"
"Olivia","West"
"Michael","Murray"
"Mary","Foster"
"Naomi","West"
"Maddie","Chapman"
"Alberta","Payne"
"Chelsea","Moore"
"Lilianna","Owens"
"Vincent","Morris"
"Lucia","Gibson"
"Patrick","Hamilton"
"Lilianna","Mitchell"
"Bruce","Cameron"
"Aida","Smith"
"Alfred","Foster"
"Ashton","Hall"
"Oscar","Turner"
"Daryl","Allen"
"Victor","Nelson"
"Victor","Montgomery"
"Sabrina","Allen"
"Camila","Crawford"
"Ned","Moore"
"Briony","Murray"
"Tess","Turner"
"April","Morgan"
"Garry","Crawford"
"Lily","Henderson"
"Sofia","Mason"
"Dainton","Stevens"
"Alberta","Thompson"
"Sawyer","Warren"
"Maddie","Brooks"
"Charlotte","Carroll"
"Henry","Tucker"
"Emily","Campbell"
"Walter","Spencer"
"Valeria","Moore"
"Thomas","Kelley"
"Leonardo","Wilson"
"Wilson","Higgins"
"Kelsey","Rogers"
"John","Dixon"
"Annabella","Brooks"
"Dale","Higgins"
"Agata","Lloyd"
"Chelsea","Armstrong"
"Maria","Walker"
"Myra","Harper"
"Deanna","Clark"
"Tara","Warren"
"Connie","Andrews"
"Violet","Scott"
"Ashton","Ellis"
"Fenton","Adams"
"Rafael","Andrews"
"James","Taylor"
"Robert","Watson"
"Melanie","West"
"Daryl","Evans"
"Harold","Holmes"
"William","Crawford"
"Alisa","Mason"
"Ashton","Riley"
"Melissa","Hill"
"Edgar","Murphy"
"Melissa","Sullivan"
"Ryan","Bailey"
"Jasmine","Andrews"
"Jenna","Spencer"
"Kevin","Harper"
"Kelvin","Moore"
"Adison","Turner"
"Lilianna","Stewart"
"Edgar","Wright"
"Miranda","Dixon"
"Sawyer","Carter"
"John","Craig"
"Tara","Morgan"
"John","Anderson"
"Martin","Hill"
"Rafael","Murray"
"Garry","Turner"
"Lyndon","Hamilton"
"Agata","Dixon"
"Victor","Casey"
"Florrie","Campbell"
"Frederick","Harris"
"Alen","Harrison"
"Florrie","Stewart"
"Carina","Howard"
"Charlotte","Stewart"
"Tess","Gray"
"Alisa","Nelson"
"Tess","Montgomery"
"Tara","Owens"
"Ryan","Clark"
"Grace","Carroll"
"Michael","Williams"
"William","Thomas"
"Miranda","Wells"
"Alford","Stewart"
"Mary","Ellis"
"Violet","Lloyd"
"Martin","Ellis"
"Carina","West"
"Freddie","Myers"
"Julian","Williams"
"Rubie","Mason"
"Stuart","Alexander"
"Eric","Chapman"
"Garry","Casey"
"Nicole","Baker"
"Tess","Farrell"
"Martin","Cole"
"Eleanor","Johnston"
"Miranda","Clark"
"Ada","Wells"
"Wilson","Tucker"
"Heather","Ferguson"
"Briony","Carter"
"Hailey","Cooper"
"Jessica","Moore"
"Maria","Mason"
"Lenny","Smith"
"Charlotte","Howard"
"Emily","Bailey"
"Michelle","Payne"
"John","Murray"
"James","Fowler"
"Brianna","Gray"
"Ryan","Barrett"
"Lilianna","Perkins"
"Caroline","Ellis"
"Victor","Carter"
"Eric","Adams"
"Dale","Kelley"
"Tara","Hill"
"George","Murphy"
"Leonardo","Johnson"
"Sarah","Douglas"
"Marcus","Martin"
"Vivian","Davis"
"Vanessa","Brooks"
"Edwin","Tucker"
"Stella","Casey"
"Bruce","Grant"
"Edwin","Henderson"
"Antony","Foster"
"Lyndon","Cole"
"Caroline","Robinson"
"Miller","Richardson"
"Victor","Smith"
"Sabrina","Carroll"
"Alfred","Wells"
"Daisy","Tucker"
"Ashton","Baker"
"Myra","Perkins"
"Evelyn","Cameron"
"Aiden","Harrison"
"Frederick","Tucker"
"Reid","Gray"
"Cherry","Fowler"
"Aldus","Richardson"
"Kevin","Spencer"
"Daisy","Myers"
"Ada","Phillips"
"Ashton","Wells"
"Byron","Carter"
"Myra","Ryan"
"Maximilian","Riley"
"Brianna","Richardson"
"Ryan","Phillips"
"April","Harrison"
"Eleanor","Thompson"
"Brad","Rogers"
"Daryl","Douglas"
"Lana","Cole"
"Adam","Brown"
"Briony","Morris"
"Martin","Wells"
"Connie","Myers"
"Fenton","Craig"
"Edgar","Henderson"
"Derek","Craig"
"Tyler","Johnston"
"Adrianna","Richardson"
"Sofia","Morrison"
"Maddie","Thomas"
